"Sample","OD","Dilution"
"CB1-GK146-D182C1",1.671,100
"CB1-GK146-D182C1",0.904,200
"CB1-GK146-D182C1",0.5065,400
"CB1-GK146-D182C1",0.287,800
"CB1-GK146-D182C1",0.17,1600
"CB1-GK146-D182C1",0.094,3200
"CB1-GK146-D182C1",0.0725,6400
"CB1-GK146-D182C1",0.06,12800
"CB1-GK146-D182C1",0.0755,25600
"CB1-GK146-D182C1",0.0645,51200
"CB1-GK146-D182C1",0.0725,102400
"CB1-GK146-D182C1",0.071,204800
"CB1-GK157-D182C1",1.1205,100
"CB1-GK157-D182C1",0.612,200
"CB1-GK157-D182C1",0.342,400
"CB1-GK157-D182C1",0.1905,800
"CB1-GK157-D182C1",0.1115,1600
"CB1-GK157-D182C1",0.066,3200
"CB1-GK157-D182C1",0.075,6400
"CB1-GK157-D182C1",0.0615,12800
"CB1-GK157-D182C1",0.072,25600
"CB1-GK157-D182C1",0.0725,51200
"CB1-GK157-D182C1",0.082,102400
"CB1-GK157-D182C1",0.0745,204800
"CB1-GK012-D182C1",3.8085,100
"CB1-GK012-D182C1",3.313,200
"CB1-GK012-D182C1",2.341,400
"CB1-GK012-D182C1",1.387,800
"CB1-GK012-D182C1",0.7655,1600
"CB1-GK012-D182C1",0.4315,3200
"CB1-GK012-D182C1",0.2385,6400
"CB1-GK012-D182C1",0.1205,12800
"CB1-GK012-D182C1",0.0605,25600
"CB1-GK012-D182C1",0.0585,51200
"CB1-GK012-D182C1",0.065,102400
"CB1-GK012-D182C1",0.0665,204800
"CB1-GK017-D28C1",4.1595,100
"CB1-GK017-D28C1",4.0875,200
"CB1-GK017-D28C1",3.8375,400
"CB1-GK017-D28C1",3.658,800
"CB1-GK017-D28C1",3.0145,1600
"CB1-GK017-D28C1",2.026,3200
"CB1-GK017-D28C1",1.212,6400
"CB1-GK017-D28C1",0.6725,12800
"CB1-GK017-D28C1",0.3645,25600
"CB1-GK017-D28C1",0.2035,51200
"CB1-GK017-D28C1",0.1295,102400
"CB1-GK017-D28C1",0.085,204800
"CB1-GK018-D182C1",4.1025,100
"CB1-GK018-D182C1",4.0515,200
"CB1-GK018-D182C1",3.768,400
"CB1-GK018-D182C1",3.3355,800
"CB1-GK018-D182C1",2.329,1600
"CB1-GK018-D182C1",1.447,3200
"CB1-GK018-D182C1",0.8285,6400
"CB1-GK018-D182C1",0.4425,12800
"CB1-GK018-D182C1",0.237,25600
"CB1-GK018-D182C1",0.141,51200
"CB1-GK018-D182C1",0.096,102400
"CB1-GK018-D182C1",0.0835,204800
"CB1-GK068-D182C1",3.8905,100
"CB1-GK068-D182C1",3.936,200
"CB1-GK068-D182C1",3.9025,400
"CB1-GK068-D182C1",3.8185,800
"CB1-GK068-D182C1",3.159,1600
"CB1-GK068-D182C1",1.9495,3200
"CB1-GK068-D182C1",1.1265,6400
"CB1-GK068-D182C1",0.6445,12800
"CB1-GK068-D182C1",0.344,25600
"CB1-GK068-D182C1",0.1845,51200
"CB1-GK068-D182C1",0.1125,102400
"CB1-GK068-D182C1",0.0725,204800
"CB1-GK089-D28C1",3.8775,100
"CB1-GK089-D28C1",3.799,200
"CB1-GK089-D28C1",3.521,400
"CB1-GK089-D28C1",2.488,800
"CB1-GK089-D28C1",1.5195,1600
"CB1-GK089-D28C1",0.853,3200
"CB1-GK089-D28C1",0.484,6400
"CB1-GK089-D28C1",0.269,12800
"CB1-GK089-D28C1",0.147,25600
"CB1-GK089-D28C1",0.086,51200
"CB1-GK089-D28C1",0.0645,102400
"CB1-GK089-D28C1",0.058,204800
"CB1-GK091-D182C1",3.924,100
"CB1-GK091-D182C1",3.901,200
"CB1-GK091-D182C1",3.7015,400
"CB1-GK091-D182C1",2.9455,800
"CB1-GK091-D182C1",1.874,1600
"CB1-GK091-D182C1",1.0685,3200
"CB1-GK091-D182C1",0.635,6400
"CB1-GK091-D182C1",0.3295,12800
"CB1-GK091-D182C1",0.1765,25600
"CB1-GK091-D182C1",0.103,51200
"CB1-GK091-D182C1",0.0765,102400
"CB1-GK091-D182C1",0.062,204800
"CB1-GK097-D28C1",3.8675,100
"CB1-GK097-D28C1",3.8905,200
"CB1-GK097-D28C1",3.9095,400
"CB1-GK097-D28C1",3.7505,800
"CB1-GK097-D28C1",2.8795,1600
"CB1-GK097-D28C1",1.8795,3200
"CB1-GK097-D28C1",1.073,6400
"CB1-GK097-D28C1",0.614,12800
"CB1-GK097-D28C1",0.332,25600
"CB1-GK097-D28C1",0.1855,51200
"CB1-GK097-D28C1",0.1185,102400
"CB1-GK097-D28C1",0.0765,204800
"CB1-GK106-D28C1",4.01,100
"CB1-GK106-D28C1",3.9585,200
"CB1-GK106-D28C1",4.0815,400
"CB1-GK106-D28C1",3.8795,800
"CB1-GK106-D28C1",3.6535,1600
"CB1-GK106-D28C1",3.168,3200
"CB1-GK106-D28C1",2.0815,6400
"CB1-GK106-D28C1",1.196,12800
"CB1-GK106-D28C1",0.651,25600
"CB1-GK106-D28C1",0.3525,51200
"CB1-GK106-D28C1",0.23,102400
"CB1-GK106-D28C1",0.1295,204800
"CB1-GK107-D28C1",4.062,100
"CB1-GK107-D28C1",3.923,200
"CB1-GK107-D28C1",3.4475,400
"CB1-GK107-D28C1",2.3755,800
"CB1-GK107-D28C1",1.42,1600
"CB1-GK107-D28C1",0.784,3200
"CB1-GK107-D28C1",0.4365,6400
"CB1-GK107-D28C1",0.2385,12800
"CB1-GK107-D28C1",0.138,25600
"CB1-GK107-D28C1",0.0845,51200
"CB1-GK107-D28C1",0.0775,102400
"CB1-GK107-D28C1",0.0655,204800
"CB1-GK108-D28C1",4.01,100
"CB1-GK108-D28C1",3.784,200
"CB1-GK108-D28C1",3.082,400
"CB1-GK108-D28C1",1.9095,800
"CB1-GK108-D28C1",1.1085,1600
"CB1-GK108-D28C1",0.6125,3200
"CB1-GK108-D28C1",0.332,6400
"CB1-GK108-D28C1",0.1845,12800
"CB1-GK108-D28C1",0.11,25600
"CB1-GK108-D28C1",0.076,51200
"CB1-GK108-D28C1",0.074,102400
"CB1-GK108-D28C1",0.07,204800
"CB1-GK114-D182C1",4.012,100
"CB1-GK114-D182C1",3.9645,200
"CB1-GK114-D182C1",4.0135,400
"CB1-GK114-D182C1",3.847,800
"CB1-GK114-D182C1",3.742,1600
"CB1-GK114-D182C1",3.49,3200
"CB1-GK114-D182C1",2.6145,6400
"CB1-GK114-D182C1",1.512,12800
"CB1-GK114-D182C1",0.861,25600
"CB1-GK114-D182C1",0.492,51200
"CB1-GK114-D182C1",0.299,102400
"CB1-GK114-D182C1",0.187,204800
"CB1-GK151-D28C1",4.01,100
"CB1-GK151-D28C1",3.5815,200
"CB1-GK151-D28C1",2.4685,400
"CB1-GK151-D28C1",1.4405,800
"CB1-GK151-D28C1",0.828,1600
"CB1-GK151-D28C1",0.4315,3200
"CB1-GK151-D28C1",0.2315,6400
"CB1-GK151-D28C1",0.1255,12800
"CB1-GK151-D28C1",0.0725,25600
"CB1-GK151-D28C1",0.0555,51200
"CB1-GK151-D28C1",0.0565,102400
"CB1-GK151-D28C1",0.0585,204800
"CB1-GK163-D182C1",4.1195,100
"CB1-GK163-D182C1",3.975,200
"CB1-GK163-D182C1",3.7995,400
"CB1-GK163-D182C1",3.0175,800
"CB1-GK163-D182C1",1.8615,1600
"CB1-GK163-D182C1",1.103,3200
"CB1-GK163-D182C1",0.5895,6400
"CB1-GK163-D182C1",0.3105,12800
"CB1-GK163-D182C1",0.1745,25600
"CB1-GK163-D182C1",0.1015,51200
"CB1-GK163-D182C1",0.073,102400
"CB1-GK163-D182C1",0.058,204800
"CB1-GK178-D182C1",4.1015,100
"CB1-GK178-D182C1",4.083,200
"CB1-GK178-D182C1",4.002,400
"CB1-GK178-D182C1",3.9935,800
"CB1-GK178-D182C1",3.8035,1600
"CB1-GK178-D182C1",3.378,3200
"CB1-GK178-D182C1",2.347,6400
"CB1-GK178-D182C1",1.409,12800
"CB1-GK178-D182C1",0.797,25600
"CB1-GK178-D182C1",0.4235,51200
"CB1-GK178-D182C1",0.2365,102400
"CB1-GK178-D182C1",0.1305,204800
"CB1-GK209-D28C1",3.9885,100
"CB1-GK209-D28C1",3.594,200
"CB1-GK209-D28C1",2.6425,400
"CB1-GK209-D28C1",1.5495,800
"CB1-GK209-D28C1",0.8595,1600
"CB1-GK209-D28C1",0.4715,3200
"CB1-GK209-D28C1",0.243,6400
"CB1-GK209-D28C1",0.1285,12800
"CB1-GK209-D28C1",0.074,25600
"CB1-GK209-D28C1",0.0545,51200
"CB1-GK209-D28C1",0.0565,102400
"CB1-GK209-D28C1",0.058,204800
"CB1-GK248-D182C1",3.786,100
"CB1-GK248-D182C1",3.052,200
"CB1-GK248-D182C1",1.919,400
"CB1-GK248-D182C1",1.0945,800
"CB1-GK248-D182C1",0.6025,1600
"CB1-GK248-D182C1",0.319,3200
"CB1-GK248-D182C1",0.172,6400
"CB1-GK248-D182C1",0.098,12800
"CB1-GK248-D182C1",0.061,25600
"CB1-GK248-D182C1",0.0545,51200
"CB1-GK248-D182C1",0.057,102400
"CB1-GK248-D182C1",0.061,204800
"CB1-GK254-D28C1",4.074,100
"CB1-GK254-D28C1",4.0385,200
"CB1-GK254-D28C1",4.121,400
"CB1-GK254-D28C1",3.6095,800
"CB1-GK254-D28C1",2.665,1600
"CB1-GK254-D28C1",1.6215,3200
"CB1-GK254-D28C1",0.979,6400
"CB1-GK254-D28C1",0.5275,12800
"CB1-GK254-D28C1",0.291,25600
"CB1-GK254-D28C1",0.162,51200
"CB1-GK254-D28C1",0.104,102400
"CB1-GK254-D28C1",0.068,204800
"CB1-GK256-D182C1",4.0235,100
"CB1-GK256-D182C1",3.8775,200
"CB1-GK256-D182C1",3.277,400
"CB1-GK256-D182C1",2.246,800
"CB1-GK256-D182C1",1.32,1600
"CB1-GK256-D182C1",0.737,3200
"CB1-GK256-D182C1",0.402,6400
"CB1-GK256-D182C1",0.209,12800
"CB1-GK256-D182C1",0.12,25600
"CB1-GK256-D182C1",0.0765,51200
"CB1-GK256-D182C1",0.0605,102400
"CB1-GK256-D182C1",0.059,204800
"CB1-GK333-D28C1",4.0385,100
"CB1-GK333-D28C1",4.107,200
"CB1-GK333-D28C1",3.922,400
"CB1-GK333-D28C1",3.2725,800
"CB1-GK333-D28C1",2.1725,1600
"CB1-GK333-D28C1",1.2535,3200
"CB1-GK333-D28C1",0.692,6400
"CB1-GK333-D28C1",0.375,12800
"CB1-GK333-D28C1",0.2025,25600
"CB1-GK333-D28C1",0.116,51200
"CB1-GK333-D28C1",0.08,102400
"CB1-GK333-D28C1",0.0765,204800
"CB1-GK334-D182C1",3.94,100
"CB1-GK334-D182C1",3.525,200
"CB1-GK334-D182C1",2.358,400
"CB1-GK334-D182C1",1.3865,800
"CB1-GK334-D182C1",0.7675,1600
"CB1-GK334-D182C1",0.3995,3200
"CB1-GK334-D182C1",0.2205,6400
"CB1-GK334-D182C1",0.1205,12800
"CB1-GK334-D182C1",0.0715,25600
"CB1-GK334-D182C1",0.056,51200
"CB1-GK334-D182C1",0.0575,102400
"CB1-GK334-D182C1",0.06,204800
